n_back,Pre-coffee,Post-coffee,Difference
0.0,96.41975308641975,98.14102564102564,1.7212725546058891
1.0,92.46913580246913,95.32051282051283,2.8513770180437064
2.0,83.76543209876543,86.34615384615384,2.5807217473884094
