Metric,Pre-coffee,Post-coffee
R-squared,0.5512477867236831,0.5535601858791788
Adj. R-squared,0.5397413197165981,0.5416551241692902
F-statistic,47.90764935790065,46.49788462829902
Prob (F-statistic),2.680757556800044e-14,7.346990004601219e-14
AIC,488.95089985386454,462.55234808199566
BIC,496.1342473178819,469.62247456206444
