level,n_back,block,accuracy,mean_rt,participant_id,session
block,0.0,0.0,100.0,,32,1
block,0.0,1.0,100.0,,32,1
block,1.0,0.0,90.0,,32,1
block,1.0,1.0,93.33333333333333,,32,1
block,2.0,0.0,86.66666666666667,,32,1
block,2.0,1.0,83.33333333333334,,32,1
task,0.0,all,100.0,,32,1
task,1.0,all,91.66666666666666,,32,1
task,2.0,all,85.0,,32,1
