level,n_back,block,accuracy,mean_rt,participant_id,session
block,0.0,0.0,93.33333333333333,,116,2
block,0.0,1.0,96.66666666666667,,116,2
block,1.0,0.0,96.66666666666667,,116,2
block,1.0,1.0,93.33333333333333,,116,2
block,2.0,0.0,80.0,,116,2
block,2.0,1.0,86.66666666666667,,116,2
task,0.0,all,95.0,,116,2
task,1.0,all,95.0,,116,2
task,2.0,all,83.33333333333334,,116,2
