level,n_back,block,accuracy,mean_rt,participant_id,session
block,0.0,0.0,93.33333333333333,,8,1
block,0.0,1.0,93.33333333333333,,8,1
block,1.0,0.0,86.66666666666667,,8,1
block,1.0,1.0,96.66666666666667,,8,1
block,2.0,0.0,90.0,,8,1
block,2.0,1.0,70.0,,8,1
task,0.0,all,93.33333333333333,,8,1
task,1.0,all,91.66666666666666,,8,1
task,2.0,all,80.0,,8,1
