level,n_back,block,accuracy,mean_rt,participant_id,session
block,0.0,0.0,96.66666666666667,,123,1
block,0.0,1.0,100.0,,123,1
block,1.0,0.0,100.0,,123,1
block,1.0,1.0,76.66666666666667,,123,1
block,2.0,0.0,86.66666666666667,,123,1
block,2.0,1.0,83.33333333333334,,123,1
task,0.0,all,98.33333333333333,,123,1
task,1.0,all,88.33333333333333,,123,1
task,2.0,all,85.0,,123,1
