level,block,正确率,平均反应时,一致条件正确率,不一致条件正确率,中性词正确率,一致条件反应时,不一致条件反应时,中性词反应时,participant_id,session
block,1,100.0,1057.550250002047,100.0,100.0,100.0,810.438700003336,1134.8852200026158,2153.544699991471,19,2
block,2,100.0,911.1529333349608,100.0,100.0,100.0,1277.8545000037411,964.5492500033772,773.737039999105,19,2
block,3,100.0,899.9800666703475,100.0,100.0,100.0,683.733999991091,776.7035000040778,2348.9918000123,19,2
block,4,91.66666666666666,797.1253333307686,100.0,100.0,80.0,710.7240999903297,659.0927600016585,969.7183999960544,19,2
block,5,100.0,1165.441158333124,100.0,100.0,100.0,525.4521000024397,1199.6285499990336,1434.1545999996015,19,2
block,6,100.0,1063.939408333681,,100.0,100.0,,1167.73905714425,918.6198999988846,19,2
block,7,91.66666666666666,723.4251416678793,100.0,87.5,100.0,745.4524000058882,725.2431500000966,711.2347000026299,19,2
block,8,100.0,770.5634499992204,100.0,100.0,100.0,906.0572750022402,714.6228285689306,620.1724999991711,19,2
total,all,97.91666666666666,923.6472177090036,100.0,98.14814814814815,96.0,803.897329412661,901.8605574086973,1052.1363279991783,19,2
