level,block,正确率,平均反应时,一致条件正确率,不一致条件正确率,中性词正确率,一致条件反应时,不一致条件反应时,中性词反应时,participant_id,session
block,1,100.0,712.3553250000137,100.0,100.0,100.0,603.6044000002221,751.9907375001367,662.5645999993139,17,1
block,2,100.0,797.8715999997803,100.0,100.0,,824.9190999998366,770.824099999724,,17,1
block,3,100.0,685.9085833331543,100.0,100.0,100.0,718.705874999614,672.7276999998659,646.9856000003346,17,1
block,4,91.66666666666666,713.9458916666019,100.0,87.5,100.0,702.53109999976,726.2337499998921,684.983200000109,17,1
block,5,100.0,809.6673166669461,100.0,100.0,100.0,797.6468666668854,692.519166666898,1055.984066667103,17,1
block,6,100.0,786.8544249998497,100.0,100.0,100.0,921.1637999997038,745.178500000111,677.2351333329425,17,1
block,7,100.0,710.5406999999104,100.0,100.0,100.0,628.6166999998386,893.7470000000758,602.805633333143,17,1
block,8,100.0,679.3699333334189,,100.0,100.0,,681.260945454679,658.5687999995571,17,1
total,all,98.95833333333334,737.0642218749595,100.0,98.18181818181819,100.0,758.1902919998538,729.2672781818427,730.8567312499008,17,1
