level,block,正确率,平均反应时,一致条件正确率,不一致条件正确率,中性词正确率,一致条件反应时,不一致条件反应时,中性词反应时,participant_id,session
block,1,100.0,788.8054083330946,100.0,100.0,100.0,846.0865999995804,740.5026333332595,832.6189749996047,11,2
block,2,100.0,725.0586166668048,100.0,100.0,100.0,788.1157000001622,656.2654750005095,730.7946749997427,11,2
block,3,100.0,697.5967416665299,100.0,100.0,100.0,685.2368999998362,702.4928200000431,747.2753999991255,11,2
block,4,100.0,679.9681499999982,100.0,100.0,100.0,670.6826666668348,625.4540166667841,798.2818999995894,11,2
block,5,91.66666666666666,700.4563249997773,100.0,66.66666666666666,100.0,714.0600399994582,610.7134000000466,750.7588749999741,11,2
block,6,100.0,658.2203250001536,,100.0,100.0,,621.9650714286087,708.9776800003165,11,2
block,7,100.0,635.6678250003824,100.0,100.0,100.0,661.4954500000749,616.4976714291176,663.1797666668717,11,2
block,8,100.0,663.117850000314,100.0,100.0,100.0,689.9042499999268,682.4870000000374,630.0672400007896,11,2
total,all,98.95833333333334,693.6114052083818,100.0,97.5609756097561,100.0,716.1928269229415,655.6611292684598,727.0198310345285,11,2
