level,block,正确率,平均反应时,一致条件正确率,不一致条件正确率,中性词正确率,一致条件反应时,不一致条件反应时,中性词反应时,participant_id,session
block,1,100.0,398.4172166665303,100.0,100.0,100.0,269.08010000079224,445.38188333232637,392.63877500070527,27,2
block,2,100.0,267.6510916662664,100.0,100.0,100.0,355.4652999998021,167.65019999947978,240.7702999989851,27,2
block,3,100.0,396.85290000003687,100.0,100.0,100.0,506.02839999919524,379.04675000027055,231.9203500010189,27,2
block,4,100.0,314.7622916670419,100.0,100.0,100.0,141.8141200003447,323.42591999986325,725.4736500017316,27,2
block,5,100.0,267.3510666669851,100.0,100.0,100.0,99.27643333260977,208.11216666819135,381.0078333335696,27,2
block,6,91.66666666666666,204.82974166710235,100.0,80.0,100.0,261.25033333543485,214.3873199995141,150.5673250003383,27,2
block,7,100.0,244.90951666696978,100.0,100.0,100.0,136.1784000018815,221.68894285745668,371.57826666589244,27,2
block,8,100.0,330.25378333301586,100.0,100.0,100.0,276.30345000034134,376.2693124995167,200.14199999968696,27,2
total,all,98.95833333333334,303.1284510417436,100.0,97.77777777777777,100.0,270.7659333336104,303.56005777761715,338.7270208336304,27,2
