level,block,正确率,平均反应时,一致条件正确率,不一致条件正确率,中性词正确率,一致条件反应时,不一致条件反应时,中性词反应时,participant_id,session
block,1,100.0,664.851024999128,100.0,100.0,100.0,645.8215250022477,665.9961166660651,699.4747499920777,21,2
block,2,100.0,720.8601666655644,100.0,100.0,100.0,553.1101000015041,765.6631874979212,709.3981500001973,21,2
block,3,100.0,692.9426749993581,100.0,100.0,100.0,563.7312999970162,772.6535000006802,593.0916666645013,21,2
block,4,100.0,688.8746583317698,100.0,100.0,100.0,730.2987333314377,664.7719749962562,612.8078000037931,21,2
block,5,100.0,798.5720916634211,100.0,100.0,100.0,566.562949999934,723.2025714246057,1129.107066662982,21,2
block,6,100.0,771.5144333318069,100.0,100.0,100.0,692.3039666629242,826.9867999988492,565.3669000021182,21,2
block,7,91.66666666666666,732.6450999995965,50.0,100.0,100.0,767.184600001201,757.560399997601,598.4444000059738,21,2
block,8,100.0,728.6253916681744,100.0,100.0,100.0,901.0448000044562,696.072662500228,686.4169000036782,21,2
total,all,98.95833333333334,724.8606927073524,95.65217391304348,100.0,100.0,684.5764304345483,741.0057410699145,726.1792411762358,21,2
