level,block,正确率,平均反应时,一致条件正确率,不一致条件正确率,中性词正确率,一致条件反应时,不一致条件反应时,中性词反应时,participant_id,session
block,1,100.0,758.5800583332987,100.0,100.0,100.0,850.6159333334533,690.4822142856314,858.8686999999027,30,2
block,2,91.66666666666666,645.5716333332475,100.0,80.0,100.0,588.65682499993,676.6980399998829,669.5806999999452,30,2
block,3,100.0,669.2324000000553,100.0,100.0,100.0,667.4010000001545,633.7245857142599,796.2568500001908,30,2
block,4,100.0,685.1616750000176,100.0,100.0,100.0,656.3451499999928,740.6629833333985,576.2907999999242,30,2
block,5,100.0,762.3730666666308,100.0,100.0,100.0,919.5702500001062,757.8988374999653,623.0727999998179,30,2
block,6,100.0,757.4174333333683,100.0,100.0,100.0,733.1656000001203,824.0033142857491,560.7445999999072,30,2
block,7,100.0,749.911566666583,100.0,100.0,100.0,721.0221999998794,735.5224624999437,836.3573499998438,30,2
block,8,100.0,833.0856833333276,100.0,100.0,100.0,587.7538999999766,938.9421333333605,902.8233499999867,30,2
total,all,98.95833333333334,732.6666895833162,100.0,98.0392156862745,100.0,699.0834208333656,737.8261901960518,758.5173523809015,30,2
