level,block,正确率,平均反应时,一致条件正确率,不一致条件正确率,中性词正确率,一致条件反应时,不一致条件反应时,中性词反应时,participant_id,session
block,1,100.0,781.404441666685,100.0,100.0,100.0,860.6930333332155,790.8314600001177,710.1542249999966,16,2
block,2,100.0,718.5513250000591,100.0,100.0,100.0,641.1953333335987,711.5998666666503,809.8102333333372,16,2
block,3,100.0,710.2668416666802,100.0,100.0,100.0,742.7502999998978,716.113933333266,696.7536400001336,16,2
block,4,100.0,769.1455499997726,100.0,100.0,100.0,723.0843999996068,780.1900499997221,775.6093749999309,16,2
block,5,100.0,789.1927750000225,100.0,100.0,100.0,613.6025999994672,883.4966714286046,668.0585000001429,16,2
block,6,100.0,668.6503166667231,100.0,100.0,100.0,583.1822999998622,656.7136714287958,753.4811666664609,16,2
block,7,100.0,635.8444500001497,100.0,100.0,100.0,571.5265500002715,657.7140000002016,627.6940999999472,16,2
block,8,100.0,636.410933333309,100.0,100.0,100.0,695.8716333332025,646.1058249999496,592.9786000000604,16,2
total,all,100.0,713.6833291666752,100.0,100.0,100.0,688.5423176469939,732.7390437500299,697.9647129032415,16,2
