level,block,正确率,平均反应时,一致条件正确率,不一致条件正确率,中性词正确率,一致条件反应时,不一致条件反应时,中性词反应时,participant_id,session
block,1,100.0,613.6458833337504,100.0,100.0,100.0,653.6152999997284,618.700670000544,523.1285999998362,26,2
block,2,100.0,647.001300000132,100.0,100.0,100.0,611.319524999999,650.9641333335214,706.47635000023,26,2
block,3,83.33333333333334,662.7872833337278,100.0,80.0,75.0,723.2508333339258,614.0708000002633,678.33522500041,26,2
block,4,100.0,753.8672416667396,100.0,100.0,100.0,744.1621250000026,862.944900000457,654.4946999997592,26,2
block,5,100.0,860.1325083335116,100.0,100.0,,735.398640000858,949.2281285711215,,26,2
block,6,100.0,610.9644999998333,100.0,100.0,100.0,530.1170000002458,568.4240499998243,678.1825399997615,26,2
block,7,100.0,786.535641667039,100.0,100.0,100.0,760.367574999691,903.3215500007827,695.9178000006432,26,2
block,8,91.66666666666666,696.4869416665351,80.0,100.0,100.0,727.4670999999216,673.5231833329938,679.3687000008504,26,2
total,all,96.875,703.9276625001586,96.29629629629629,97.91666666666666,95.23809523809523,708.5633481483118,715.0935750001585,672.4454095239621,26,2
