level,block,正确率,平均反应时,一致条件正确率,不一致条件正确率,中性词正确率,一致条件反应时,不一致条件反应时,中性词反应时,participant_id,session
block,1,100.0,712.4779916665224,100.0,100.0,100.0,855.5141999998643,630.7471000000078,707.364449999659,25,2
block,2,100.0,744.6446916665082,100.0,100.0,100.0,908.2231666664786,717.4799285712652,594.3536499999027,25,2
block,3,100.0,710.6087250000807,100.0,100.0,100.0,699.8258400002669,747.4734833334271,543.3345999990706,25,2
block,4,100.0,726.8138333335324,100.0,100.0,100.0,800.3172749999976,622.9482000003372,757.1760250002626,25,2
block,5,100.0,708.3420500004346,100.0,100.0,100.0,702.730199999678,671.9386166672241,765.7531250006286,25,2
block,6,100.0,692.2846583335437,100.0,100.0,100.0,739.4059800000832,594.6373249998942,743.9455666675107,25,2
block,7,100.0,635.9658666671445,100.0,100.0,100.0,629.2606200004229,641.6775500004709,635.2220000007947,25,2
block,8,100.0,661.8493333335209,100.0,100.0,100.0,652.1304250004504,668.030828571448,657.4545000003127,25,2
total,all,100.0,699.123393750161,100.0,100.0,100.0,737.0621129033563,668.6486844445931,708.8864750002358,25,2
