level,block,正确率,平均反应时,一致条件正确率,不一致条件正确率,中性词正确率,一致条件反应时,不一致条件反应时,中性词反应时,participant_id,session
block,1,100.0,715.203966670136,100.0,100.0,100.0,707.7894666726934,731.8249875024776,604.4793000037316,20,1
block,2,100.0,714.9472333342904,100.0,100.0,100.0,1021.9569500040961,640.8029714283267,683.2773666683352,20,1
block,3,100.0,635.9930749968044,100.0,100.0,100.0,654.0044499924988,666.6722666632267,580.9685999993235,20,1
block,4,100.0,633.6063416650479,100.0,100.0,100.0,500.994999994873,652.1197142844487,634.3607749986404,20,1
block,5,100.0,710.5505833327092,100.0,100.0,,765.3065500053344,699.599389998184,,20,1
block,6,100.0,693.3091749985275,100.0,100.0,100.0,587.7180499956012,749.5892833321705,661.6845749995264,20,1
block,7,100.0,634.0705083324185,100.0,100.0,100.0,548.0165999906603,673.2392000005348,615.7722499992815,20,1
block,8,91.66666666666666,695.8343500033758,100.0,83.33333333333334,100.0,567.6099800039082,785.0268833353766,801.8010000087088,20,1
total,all,98.95833333333334,679.1894041666637,100.0,98.18181818181819,100.0,670.4667722232341,699.5450763632438,637.3392043479607,20,1
