level,block,正确率,平均反应时,一致条件正确率,不一致条件正确率,中性词正确率,一致条件反应时,不一致条件反应时,中性词反应时,participant_id,session
block,1,100.0,827.5985166643902,100.0,100.0,100.0,796.8662750063231,636.3005166640505,1462.956999981543,15,1
block,2,100.0,873.5567333351355,100.0,100.0,100.0,618.63630003063,926.0419571489495,845.4376999870874,15,1
block,3,100.0,792.7466499871418,100.0,100.0,100.0,1034.7962499654386,741.7050571363818,750.4772999867175,15,1
block,4,100.0,709.0914333287703,100.0,100.0,100.0,580.3327999892645,740.6297999914386,711.6966000176035,15,1
block,5,100.0,799.5034083238959,100.0,100.0,100.0,901.635724992957,730.9798666586479,800.8093999815173,15,1
block,6,100.0,899.5992083364399,100.0,100.0,100.0,639.7980000086438,1104.813979996834,837.9316500067944,15,1
block,7,100.0,746.6375916653002,100.0,100.0,100.0,811.3684999989346,746.2678857097801,731.1018500040518,15,1
block,8,100.0,727.8477000072598,100.0,100.0,100.0,644.1215666709468,742.459550005151,782.3501333477907,15,1
total,all,100.0,797.0726552060416,100.0,100.0,100.0,765.3014799987432,788.5702346124722,841.9705458315245,15,1
