level,block,正确率,平均反应时,一致条件正确率,不一致条件正确率,中性词正确率,一致条件反应时,不一致条件反应时,中性词反应时,participant_id,session
block,1,100.0,189.22270833324242,100.0,100.0,,267.1922750000703,150.23792499982844,,17,2
block,2,100.0,225.40979166691002,100.0,100.0,100.0,117.2824000004766,170.13897142870906,426.4599666670013,17,2
block,3,100.0,122.84265000031758,100.0,100.0,100.0,115.05470000047349,164.77745000020144,79.90950000021253,17,2
block,4,100.0,173.98757499965234,100.0,100.0,100.0,151.3311999997313,215.34819999942553,92.58370000012893,17,2
block,5,100.0,167.34116666672583,100.0,100.0,100.0,60.5771999998978,188.8490285715046,188.33213333346063,17,2
block,6,100.0,146.48859999958097,100.0,100.0,100.0,127.61949999912756,165.51157499975483,89.26579999933885,17,2
block,7,100.0,133.37329166688502,100.0,100.0,100.0,159.48600000077317,96.06539999958835,129.6509499998137,17,2
block,8,100.0,128.28095000031678,100.0,100.0,100.0,225.63616666714856,68.2160200005455,130.34569999990703,17,2
total,all,100.0,160.86834166670388,100.0,100.0,100.0,161.21106538489232,158.61601799992056,166.0536100000172,17,2
