level,block,正确率,平均反应时,一致条件正确率,不一致条件正确率,中性词正确率,一致条件反应时,不一致条件反应时,中性词反应时,participant_id,session
block,1,100.0,173.8136583311037,100.0,100.0,100.0,109.83273333113169,255.46172500253306,146.88375999394336,29,2
block,2,100.0,126.25387499792848,100.0,100.0,,186.71667142812763,41.60595999564972,,29,2
block,3,100.0,127.17671666541716,100.0,100.0,100.0,40.359266664988,168.96078333472053,130.42603332723954,29,2
block,4,100.0,104.35895000167265,100.0,100.0,100.0,52.6889000029768,113.90848000155525,60.5337000015424,29,2
block,5,100.0,110.93190833465387,100.0,100.0,100.0,158.70790000190024,115.3757166684954,80.37820000026835,29,2
block,6,100.0,135.89486666387526,100.0,100.0,100.0,114.79646666460509,106.62494999754314,215.53309999580958,29,2
block,7,100.0,64.72906666628353,100.0,100.0,100.0,94.74563333302886,24.06616000225764,93.04527499625688,29,2
block,8,100.0,99.62795833416745,100.0,100.0,100.0,79.6314750004967,174.27123333618508,70.83917999989345,29,2
total,all,100.0,117.84837499938776,100.0,100.0,100.0,118.26344615334301,119.0638822228518,115.228787997039,29,2
