level,block,正确率,平均反应时,一致条件正确率,不一致条件正确率,中性词正确率,一致条件反应时,不一致条件反应时,中性词反应时,participant_id,session
block,1,100.0,779.8376166667065,100.0,100.0,100.0,859.0337000001455,758.4410500000256,512.2365999995963,25,1
block,2,91.66666666666666,794.6892083333144,100.0,75.0,100.0,799.7457166664692,761.2747000002855,846.3486999999077,25,1
block,3,100.0,901.801325000027,100.0,100.0,100.0,1087.8174000001004,872.8908500002035,637.2324499998285,25,1
block,4,100.0,706.599224999915,100.0,100.0,100.0,770.5084000001079,687.0574749998468,626.1395999996845,25,1
block,5,100.0,736.2295583334344,100.0,100.0,100.0,712.2547000003578,730.8141000000562,764.848866666701,25,1
block,6,91.66666666666666,700.1462249998743,100.0,100.0,75.0,914.9826499997289,693.5683666665682,602.5947999999062,25,1
block,7,100.0,749.1094583331991,100.0,100.0,100.0,637.627749999865,749.700562499811,858.2267500000853,25,1
block,8,91.66666666666666,704.3779500000559,100.0,80.0,100.0,776.796166666827,743.4779600000184,601.1892750000243,25,1
total,all,96.875,759.0988208333158,100.0,95.23809523809523,95.65217391304348,849.4583193548733,740.0442833333208,672.1051739129467,25,1
