level,block,正确率,平均反应时,一致条件正确率,不一致条件正确率,中性词正确率,一致条件反应时,不一致条件反应时,中性词反应时,participant_id,session
block,1,100.0,1067.9944166665032,100.0,100.0,100.0,1013.807624999572,1011.9197428570519,1677.2643000003882,13,2
block,2,100.0,782.3673749996185,100.0,100.0,100.0,557.784000000538,817.7936499992029,762.7584333337534,13,2
block,3,100.0,644.4042416666585,100.0,100.0,100.0,732.1765666662637,593.5695200001646,642.1184000000721,13,2
block,4,100.0,781.2470083335938,100.0,100.0,100.0,863.0171333340209,784.1499428572465,648.4315500001685,13,2
block,5,100.0,720.1908249993114,100.0,100.0,100.0,605.728900000031,694.7056714275926,855.9641333328425,13,2
block,6,100.0,718.5309749999457,100.0,100.0,,768.3484999997745,708.56746999998,,13,2
block,7,100.0,713.7163749997246,100.0,100.0,100.0,532.3604999994132,739.6179285720531,774.1833333311661,13,2
block,8,100.0,793.5985333342614,100.0,100.0,100.0,1004.0916666669849,675.5897666680539,819.1229333339531,13,2
total,all,100.0,777.7562187499523,100.0,100.0,100.0,811.1873199999536,758.9853175438627,798.878289473482,13,2
