level,block,正确率,平均反应时,一致条件正确率,不一致条件正确率,中性词正确率,一致条件反应时,不一致条件反应时,中性词反应时,participant_id,session
block,1,100.0,686.4136333327527,100.0,100.0,100.0,773.7548000004608,623.4692833362108,744.4786199950613,29,1
block,2,100.0,699.1653333352588,100.0,100.0,100.0,533.5842999993473,738.117940002121,726.445140002761,29,1
block,3,100.0,665.0019416689853,100.0,100.0,100.0,629.8479666681184,628.2111800013809,737.3558750041411,29,1
block,4,100.0,620.7698333322089,100.0,100.0,100.0,581.8766666658727,689.9931749976531,599.0026500003296,29,1
block,5,100.0,628.2506333336642,100.0,100.0,100.0,640.4516000038711,643.3453714292098,584.8955999972532,29,1
block,6,100.0,572.2380333330268,100.0,100.0,100.0,596.8292500001553,560.7526499989035,559.1322000000218,29,1
block,7,100.0,632.0501583347019,100.0,100.0,100.0,674.8414666702349,642.218757142213,532.2731000051135,29,1
block,8,100.0,540.9759083340759,100.0,100.0,100.0,532.2707999948761,542.057260000729,543.3766000031028,29,1
total,all,100.0,630.6081843755843,100.0,100.0,100.0,607.7831956525029,634.5274372098745,642.4897466674641,29,1
