level,block,正确率,平均反应时,一致条件正确率,不一致条件正确率,中性词正确率,一致条件反应时,不一致条件反应时,中性词反应时,participant_id,session
block,1,100.0,744.7564249999914,100.0,100.0,100.0,735.780649999981,828.038733333339,624.3208499999753,15,2
block,2,100.0,736.1986750000066,100.0,100.0,100.0,1038.007900000025,737.6351333333307,578.830000000039,15,2
block,3,100.0,719.1260999999732,100.0,100.0,100.0,811.7976166666381,633.4641749999719,612.4353999999812,15,2
block,4,100.0,729.8378083333527,100.0,100.0,100.0,778.9170500000466,724.1149285714203,573.5810000001038,15,2
block,5,100.0,713.0875999999944,100.0,100.0,100.0,735.1204666666717,661.6227499999923,741.0397599999897,15,2
block,6,100.0,764.0128000000175,100.0,100.0,100.0,836.2185999999951,747.5209666666842,669.0767000000619,15,2
block,7,100.0,710.4498499999938,100.0,100.0,100.0,618.9402999999629,778.8479714285878,608.3207499999615,15,2
block,8,100.0,743.7417083333268,100.0,100.0,100.0,750.6757333333098,697.6368999999879,894.7075000000382,15,2
total,all,100.0,732.6513708333321,100.0,100.0,100.0,775.1964230769161,733.5324139999989,675.1401950000059,15,2
