level,block,正确率,平均反应时,一致条件正确率,不一致条件正确率,中性词正确率,一致条件反应时,不一致条件反应时,中性词反应时,participant_id,session
block,1,100.0,1058.2956749991959,100.0,100.0,100.0,646.3691333325793,1334.2170333320005,918.379500000204,18,1
block,2,91.66666666666666,948.9157499995902,100.0,83.33333333333334,100.0,877.5420400008443,959.7928333320549,1240.5217999985325,18,1
block,3,100.0,1078.6667499996838,100.0,100.0,100.0,800.0890000002983,1187.0537857139425,1117.1787499988568,18,1
block,4,100.0,897.6336250004049,100.0,100.0,100.0,910.5222999998659,925.1395166672107,668.1549000022641,18,1
block,5,100.0,937.9503333332952,100.0,100.0,100.0,808.6915499989118,1024.8372166673412,935.8072499999253,18,1
block,6,100.0,790.9976416673696,100.0,100.0,100.0,591.616633333615,872.3419875009313,738.3859000001393,18,1
block,7,100.0,1034.5254833331032,100.0,100.0,100.0,966.8444333328807,923.29995000091,1164.114539998991,18,1
block,8,100.0,1134.416718181125,100.0,100.0,,944.467839999561,1292.7074499990945,,18,1
total,all,98.94736842105263,983.6042842103589,100.0,97.95918367346938,100.0,835.8769258062944,1065.3362551019368,1021.9163866662711,18,1
