level,block,正确率,平均反应时,一致条件正确率,不一致条件正确率,中性词正确率,一致条件反应时,不一致条件反应时,中性词反应时,participant_id,session
block,1,100.0,882.9346666667182,100.0,100.0,100.0,641.230700000051,981.8385999999919,840.7987166667681,16,1
block,2,100.0,733.7153666666912,100.0,100.0,100.0,805.3145999999742,685.6447833334489,734.7286499998518,16,1
block,3,100.0,719.9343666666209,100.0,100.0,100.0,651.2444249999589,803.9830599999732,671.4397999999164,16,1
block,4,100.0,786.3611249999469,100.0,100.0,100.0,718.8524250000228,857.8375333333195,797.4822399998629,16,1
block,5,91.66666666666666,753.5854333332661,75.0,100.0,100.0,820.7629500000166,745.7263999998759,677.1137999999155,16,1
block,6,100.0,699.6043000000706,100.0,100.0,100.0,604.1577000000871,676.7250600000807,760.6621800000539,16,1
block,7,100.0,868.7582916666845,100.0,100.0,100.0,699.9066000000767,870.0698666667297,951.2167749999207,16,1
block,8,100.0,991.9238166666371,100.0,100.0,,1128.5493666665993,946.3819666666495,,16,1
total,all,98.95833333333334,804.6021708333294,95.83333333333334,100.0,100.0,775.8210416666695,828.786450000011,791.2678428571098,16,1
