level,block,正确率,平均反应时,一致条件正确率,不一致条件正确率,中性词正确率,一致条件反应时,不一致条件反应时,中性词反应时,participant_id,session
block,1,100.0,865.7283500000024,100.0,100.0,100.0,766.8542666676026,806.7484285711544,1220.4691999995703,18,2
block,2,100.0,708.6381333338068,100.0,100.0,100.0,501.1897000003955,602.7741600009903,831.4328500000556,18,2
block,3,100.0,762.3762916667449,100.0,100.0,100.0,918.2404999992286,732.1925333336468,722.3016999996617,18,2
block,4,91.66666666666666,721.144300000257,100.0,100.0,80.0,770.04240000133,715.0454666661972,685.6851199998346,18,2
block,5,100.0,646.6749833328626,100.0,100.0,100.0,581.16660000087,658.1254799988528,714.935333332202,18,2
block,6,91.66666666666666,841.1776083336615,100.0,83.33333333333334,100.0,657.7627000006032,770.7689666670678,1038.4980250000808,18,2
block,7,91.66666666666666,914.4997333335898,100.0,80.0,100.0,846.5071500013437,1185.0283400010085,671.1681599990698,18,2
block,8,100.0,768.2682583326823,100.0,100.0,100.0,797.7512249990468,762.9335428568343,687.67939999816,18,2
total,all,96.875,778.5634572917008,100.0,95.74468085106383,96.29629629629629,738.30064090957,778.2318446809361,811.9474481477314,18,2
