level,block,正确率,平均反应时,一致条件正确率,不一致条件正确率,中性词正确率,一致条件反应时,不一致条件反应时,中性词反应时,participant_id,session
block,1,100.0,656.7033583334023,100.0,100.0,100.0,628.0792000002293,666.7019166667008,656.017600000041,24,2
block,2,100.0,771.8275499999738,100.0,100.0,100.0,708.9593499999864,783.4083799999462,785.3939999999966,24,2
block,3,100.0,681.6649833333107,100.0,100.0,100.0,737.6981000001024,695.9545499998967,611.342299999933,24,2
block,4,100.0,670.1248000000911,100.0,100.0,100.0,652.2406000000652,712.6374285714649,548.1569000003219,24,2
block,5,100.0,720.0870916666796,100.0,100.0,100.0,709.2759000000418,668.280999999979,834.5104666667187,24,2
block,6,100.0,663.2603583333699,100.0,100.0,100.0,590.265833333433,664.3765500000427,706.164119999994,24,2
block,7,100.0,676.3018833333565,100.0,100.0,100.0,599.0585999999212,741.2889500001256,635.8272499999202,24,2
block,8,100.0,738.7692750000951,100.0,100.0,100.0,606.1276999998881,762.9884285715889,770.6856333334144,24,2
total,all,100.0,697.3424125000349,100.0,100.0,100.0,656.0307086956923,714.3417444444822,703.9566714285976,24,2
