level,block,正确率,平均反应时,一致条件正确率,不一致条件正确率,中性词正确率,一致条件反应时,不一致条件反应时,中性词反应时,participant_id,session
block,1,100.0,695.9070416657293,100.0,100.0,100.0,947.7837999947951,662.4532428561777,606.0480666686392,28,2
block,2,100.0,834.0543749982317,100.0,100.0,100.0,1052.175780001562,632.4797199980821,792.6874999902793,28,2
block,3,91.66666666666666,646.9080416633611,100.0,85.71428571428571,100.0,639.5675333284695,653.0104142834066,636.5604999955394,28,2
block,4,100.0,713.6092083322486,100.0,100.0,100.0,661.3643285714455,844.3224666649865,700.3963999959524,28,2
block,5,100.0,847.440125002322,100.0,100.0,100.0,971.7802200000733,732.2222500054825,917.0468999946024,28,2
block,6,100.0,839.6966333323992,100.0,100.0,100.0,709.9348799994914,876.0000000002037,1007.5617333301731,28,2
block,7,91.66666666666666,676.6352250003061,100.0,83.33333333333334,100.0,642.5256000002264,706.8707166642222,654.1480000087176,28,2
block,8,100.0,607.1295749983012,100.0,100.0,100.0,585.1733199990122,665.6379599968204,515.7492500002263,28,2
total,all,97.91666666666666,732.6725281241124,100.0,95.34883720930233,100.0,766.9234416660199,706.2874232550141,726.8799764689688,28,2
