level,block,正确率,平均反应时,一致条件正确率,不一致条件正确率,中性词正确率,一致条件反应时,不一致条件反应时,中性词反应时,participant_id,session
block,1,100.0,678.5479583334867,,100.0,100.0,,679.9271000001515,663.3774000001722,13,1
block,2,100.0,756.048000000798,100.0,100.0,100.0,570.9525333356092,827.9130571437626,782.1634999982052,13,1
block,3,100.0,879.3876583331439,100.0,100.0,100.0,1160.3007999983674,594.6436666666461,1164.8978199998965,13,1
block,4,100.0,714.0376916668174,100.0,100.0,100.0,878.8092750000942,633.673200000885,629.6305999994729,13,1
block,5,100.0,699.7708416668805,100.0,100.0,100.0,726.2870000013208,617.3664714281456,948.4119000007922,13,1
block,6,100.0,673.1805583331152,100.0,100.0,100.0,642.1167666655189,674.5841333334586,701.4372000000245,13,1
block,7,100.0,1033.2789833337301,100.0,100.0,100.0,1013.1570999999115,1196.583050001209,520.9159000005455,13,1
block,8,91.66666666666666,745.683633332798,100.0,87.5,,858.3046749981804,689.3731125001068,,13,1
total,all,98.95833333333334,772.4919156250962,100.0,98.11320754716981,100.0,840.7570079999277,717.8779528304696,838.4870666664533,13,1
