level,block,正确率,平均反应时,一致条件正确率,不一致条件正确率,中性词正确率,一致条件反应时,不一致条件反应时,中性词反应时,participant_id,session
block,1,100.0,897.0191750013328,100.0,100.0,100.0,894.4321749986557,796.5322750023915,1000.0930750029511,22,1
block,2,100.0,700.4542833322679,100.0,100.0,100.0,676.0225666633535,754.4631999990088,665.7316000055289,22,1
block,3,100.0,934.4302666662163,100.0,100.0,100.0,1001.5742250034236,737.9888799972832,1172.3072999981619,22,1
block,4,100.0,741.816836365615,100.0,100.0,100.0,573.5739000010653,814.1663857157774,656.8363500045962,22,1
block,5,100.0,806.2494499996926,100.0,100.0,100.0,553.2270666638699,941.7924000029286,711.3826999921002,22,1
block,6,100.0,847.0024583342213,100.0,100.0,100.0,859.9272499996005,920.6155499996385,539.6253000071738,22,1
block,7,100.0,843.6887583326702,100.0,100.0,100.0,901.0597999949823,847.9906555552993,690.2296000043862,22,1
block,8,100.0,810.5842666688357,100.0,100.0,100.0,864.2196500004502,893.6477142893377,581.0126333332543,22,1
total,all,100.0,823.5066221057327,100.0,100.0,100.0,787.8961359988898,851.725727451826,794.6165052646968,22,1
