level,block,正确率,平均反应时,一致条件正确率,不一致条件正确率,中性词正确率,一致条件反应时,不一致条件反应时,中性词反应时,participant_id,session
block,1,100.0,894.4487666667555,100.0,100.0,100.0,1072.5955199995951,708.8481500004491,845.0050000004314,12,1
block,2,100.0,1100.194975000401,100.0,100.0,100.0,918.6012333339022,1220.2086166671506,1041.7614333334009,12,1
block,3,90.9090909090909,966.8181909090147,100.0,85.71428571428571,100.0,719.4061999998667,820.9549142855914,1389.6365000000515,12,1
block,4,90.9090909090909,776.3909363637306,100.0,80.0,100.0,850.7833499998014,777.8211199998623,737.4070000005304,12,1
block,5,100.0,754.1447909094462,100.0,100.0,100.0,919.7676000003412,594.995366667111,778.5119000003153,12,1
block,6,91.66666666666666,845.3387416666374,100.0,75.0,100.0,675.4404333332786,1033.9920999999777,796.3550399999804,12,1
block,7,100.0,862.4376916670069,,100.0,100.0,,1014.5727500006009,710.3026333334128,12,1
block,8,100.0,850.6350500001645,100.0,100.0,100.0,705.6237500000861,828.1829000003199,931.0917200000403,12,1
total,all,96.7741935483871,882.8769440861902,100.0,92.5,100.0,878.7143444444357,898.54349500024,867.1130800001785,12,1
