level,block,正确率,平均反应时,一致条件正确率,不一致条件正确率,中性词正确率,一致条件反应时,不一致条件反应时,中性词反应时,participant_id,session
block,1,100.0,248.29986666660866,100.0,100.0,100.0,275.84422500012806,285.84354999990563,80.58009999967905,12,2
block,2,91.66666666666666,341.9737416669098,100.0,100.0,66.66666666666666,170.11939999974857,270.26455714284174,623.8647333345095,12,2
block,3,100.0,315.80778181804897,100.0,100.0,100.0,41.3902000000234,259.70579999966503,398.94536666664254,12,2
block,4,100.0,295.1904333332701,,100.0,100.0,,333.8068666667418,179.34113333285495,12,2
block,5,91.66666666666666,171.72862500031746,100.0,83.33333333333334,100.0,258.39056666700344,140.5539000003652,147.41613333353595,12,2
block,6,100.0,257.12125833357885,100.0,100.0,100.0,274.75873333302536,221.60926666704958,310.50776666719077,12,2
block,7,91.66666666666666,237.50301666677842,100.0,80.0,100.0,207.860299999993,279.71590000051947,206.67183333292382,12,2
block,8,100.0,367.04151666648005,100.0,100.0,100.0,175.16923333278098,410.0042375000612,598.9565999989281,12,2
total,all,96.84210526315789,278.94933789479853,100.0,96.07843137254902,95.83333333333334,222.07013499992172,284.34491372561257,314.8830750000495,12,2
