level,block,正确率,平均反应时,一致条件正确率,不一致条件正确率,中性词正确率,一致条件反应时,不一致条件反应时,中性词反应时,participant_id,session
block,1,100.0,714.9523583405729,100.0,100.0,100.0,661.2789249920752,787.3460600152612,665.8607666807559,14,2
block,2,100.0,627.3817916614158,100.0,100.0,100.0,678.8528000179213,603.8395714214337,647.9996333170371,14,2
block,3,100.0,705.4123166599311,100.0,100.0,100.0,592.1924999915063,821.2467999896035,698.8756500068121,14,2
block,4,100.0,598.9389000023948,100.0,100.0,100.0,528.8862666736046,663.3744666663308,540.1204000033127,14,2
block,5,100.0,731.3014250103151,100.0,100.0,100.0,785.4135666663449,676.1137000285089,759.7019749955507,14,2
block,6,100.0,635.1328333257698,100.0,100.0,100.0,537.0820999960415,643.7332399887963,644.3076166615356,14,2
block,7,100.0,660.1746999949683,100.0,100.0,100.0,605.8964499970898,667.2729624988278,686.0598999774083,14,2
block,8,100.0,616.1733083378446,100.0,100.0,100.0,661.1300500226207,585.9938749999856,691.9343000045046,14,2
total,all,100.0,661.1834541666515,100.0,100.0,100.0,635.3553818189539,670.9277040826404,664.8134279972874,14,2
