level,block,正确率,平均反应时,一致条件正确率,不一致条件正确率,中性词正确率,一致条件反应时,不一致条件反应时,中性词反应时,participant_id,session
block,1,100.0,729.6874416642822,,100.0,100.0,,751.3766999909421,686.3089250109624,14,1
block,2,91.66666666666666,730.8026999962749,100.0,90.0,100.0,669.6901000104845,705.417379993014,1045.768500014674,14,1
block,3,100.0,849.7682500019437,100.0,100.0,100.0,539.7411999874748,1031.4145285769232,609.3940249993466,14,1
block,4,100.0,750.9667416743468,100.0,100.0,100.0,582.4569000396878,738.3461166658284,799.8134600115009,14,1
block,5,100.0,708.2367666589562,100.0,100.0,100.0,579.6307999989949,728.0822777732586,683.234949974576,14,1
block,6,100.0,777.3507249949034,100.0,100.0,100.0,655.8407599921338,839.4646999891847,925.8407000161242,14,1
block,7,100.0,702.3405500076478,100.0,100.0,100.0,657.9626250022557,727.9021000140347,718.908533337526,14,1
block,8,100.0,702.1750000033838,100.0,100.0,100.0,587.5852499739267,803.4194499778096,705.5113250171416,14,1
total,all,98.95833333333334,743.9160218752173,100.0,98.07692307692307,100.0,630.5162533302791,782.9149846119645,732.6419000084319,14,1
