level,block,正确率,平均反应时,一致条件正确率,不一致条件正确率,中性词正确率,一致条件反应时,不一致条件反应时,中性词反应时,participant_id,session
block,1,91.66666666666666,194.40305833146945,100.0,80.0,100.0,146.0452499959501,202.41171999950893,205.73751999763766,28,1
block,2,100.0,360.9104333324164,100.0,100.0,100.0,171.01719999724685,498.5027142850283,164.1773000010289,28,1
block,3,91.66666666666666,300.60735000127653,100.0,85.71428571428571,100.0,146.4917333311556,334.0882142885156,414.59775000112126,28,1
block,4,100.0,471.25498333237675,100.0,100.0,100.0,835.6939500008592,473.90508749958826,96.2155999950482,28,1
block,5,100.0,459.5722000024883,100.0,100.0,100.0,655.4487249995873,387.3959400021704,318.69726667355275,28,1
block,6,100.0,292.17554166946985,100.0,100.0,100.0,208.1695750021026,339.0117000027593,300.3463000059128,28,1
block,7,91.66666666666666,485.8994500015494,100.0,100.0,75.0,142.70813333375062,376.6057400032878,879.9100750002253,28,1
block,8,100.0,353.68919166648993,100.0,100.0,100.0,723.9266499964288,263.51442499981204,344.1508000032627,28,1
total,all,96.875,364.8140260421921,100.0,96.15384615384616,95.23809523809523,358.54156956433457,364.08925961642615,373.4785190484087,28,1
