level,block,正确率,平均反应时,一致条件正确率,不一致条件正确率,中性词正确率,一致条件反应时,不一致条件反应时,中性词反应时,participant_id,session
block,1,100.0,429.15832500026835,100.0,100.0,100.0,1012.3141999938525,483.023274999141,198.86306666982514,19,1
block,2,100.0,453.13314166560303,100.0,100.0,100.0,790.1706666695341,287.7703714288405,526.346549988375,19,1
block,3,100.0,474.6388750002855,100.0,100.0,100.0,206.4047000021673,379.7510799980955,598.4177333351303,19,1
block,4,100.0,435.4816000001544,100.0,100.0,100.0,417.6505857134803,446.4605666677623,481.4217000021017,19,1
block,5,100.0,521.3387363619404,100.0,100.0,100.0,34.8599999997532,377.4732499975168,858.7566499991226,19,1
block,6,91.66666666666666,604.9448833315788,100.0,80.0,100.0,746.584539997275,543.2677399949171,405.03860000899294,19,1
block,7,100.0,562.5342454573414,100.0,100.0,100.0,699.1612999991048,340.0907142869463,1036.0268000076758,19,1
block,8,100.0,360.00081818069293,100.0,100.0,100.0,299.2290249967482,406.28275999915786,365.83955000241986,19,1
total,all,98.9247311827957,480.11713655886456,100.0,97.61904761904762,100.0,549.5399708318777,394.7107095227693,551.2623925945567,19,1
