level,block,正确率,平均反应时,一致条件正确率,不一致条件正确率,中性词正确率,一致条件反应时,不一致条件反应时,中性词反应时,participant_id,session
block,1,100.0,816.2193499980883,100.0,100.0,100.0,924.0195249949466,786.674014284342,591.8360000068787,22,2
block,2,100.0,889.9671416656929,100.0,100.0,100.0,878.6777000059374,638.6432250001235,1061.2795666626575,22,2
block,3,100.0,734.5127666667395,100.0,100.0,100.0,771.0768999968423,622.6313800027128,831.768499998725,22,2
block,4,100.0,800.1600249978462,100.0,100.0,100.0,654.10675000021,875.6179999982123,644.3813999940176,22,2
block,5,100.0,769.4029916662355,100.0,100.0,100.0,525.9235000121407,803.9896499976749,667.0159000059357,22,2
block,6,100.0,726.3051499988554,100.0,100.0,100.0,892.4614666660393,837.0693666656734,587.8448833318544,22,2
block,7,100.0,746.736675001254,100.0,100.0,100.0,805.8301000055508,730.310400000235,753.3483500010334,22,2
block,8,100.0,803.9550833333731,100.0,100.0,100.0,671.2734333365612,820.8655200025532,882.3282749945065,22,2
total,all,100.0,785.9073979160105,100.0,100.0,100.0,796.4520631587795,773.5461459995713,801.3782851830236,22,2
