level,block,正确率,平均反应时,一致条件正确率,不一致条件正确率,中性词正确率,一致条件反应时,不一致条件反应时,中性词反应时,participant_id,session
block,1,100.0,558.295674999196,,100.0,,,558.295674999196,,18,1
block,2,91.66666666666666,448.9157499995902,,91.66666666666666,,,448.9157499995902,,18,1
block,3,100.0,578.6667499996838,,100.0,,,578.6667499996838,,18,1
block,4,100.0,397.63362500040483,,100.0,,,397.63362500040483,,18,1
block,5,100.0,437.9503333332953,,100.0,,,437.9503333332953,,18,1
block,6,100.0,290.9976416673696,,100.0,,,290.9976416673696,,18,1
block,7,100.0,534.5254833331031,,100.0,,,534.5254833331031,,18,1
block,8,100.0,634.4167181811248,,100.0,,,634.4167181811248,,18,1
total,all,98.94736842105263,483.6042842103588,,98.94736842105263,,,483.6042842103588,,18,1
