level,block,正确率,平均反应时,一致条件正确率,不一致条件正确率,中性词正确率,一致条件反应时,不一致条件反应时,中性词反应时,participant_id,session
block,1,100.0,824.2510833333181,100.0,100.0,100.0,716.4837333333102,893.814587499989,591.0450999999739,30,1
block,2,100.0,724.2311750000189,100.0,100.0,100.0,701.9040666666948,791.8935333333366,701.2230333333491,30,1
block,3,91.66666666666666,690.2950666666735,75.0,100.0,100.0,680.1160000000266,683.8467000000037,706.9224999999904,30,1
block,4,100.0,683.6159583333578,,100.0,100.0,,663.9132111111192,742.7242000000736,30,1
block,5,91.66666666666666,667.6083916667039,100.0,80.0,100.0,614.8498666667213,754.9129200000152,598.0466250000518,30,1
block,6,100.0,806.372533333312,100.0,100.0,100.0,597.9357999999592,776.9414333333391,883.3771999999499,30,1
block,7,100.0,776.0620000000056,100.0,100.0,100.0,854.5526000000336,684.1737249999937,811.1573166666706,30,1
block,8,100.0,669.0419666667063,100.0,100.0,,660.9145000000277,677.169433333385,,30,1
total,all,97.91666666666666,730.184771875012,96.0,97.77777777777777,100.0,687.9366880000225,743.8383933333423,747.1766615384686,30,1
