level,block,正确率,平均反应时,一致条件正确率,不一致条件正确率,中性词正确率,一致条件反应时,不一致条件反应时,中性词反应时,participant_id,session
block,1,100.0,875.1965749994877,100.0,100.0,100.0,923.4599199990043,920.2130000003308,734.7357666658354,27,1
block,2,100.0,891.404091666421,100.0,100.0,100.0,707.442433333199,908.7305333329521,1040.7128666665812,27,1
block,3,100.0,688.1446083334595,100.0,100.0,100.0,695.5940600004396,720.1293399994029,589.5591500011506,27,1
block,4,100.0,826.1241333326932,100.0,100.0,100.0,731.4685999990614,846.8962249994547,943.913999999495,27,1
block,5,100.0,811.8411666670606,100.0,100.0,100.0,958.8836999973864,758.6991700005456,1196.2186000018846,27,1
block,6,100.0,843.2889166664002,100.0,100.0,100.0,912.6899333326339,868.6094800003048,759.5874499993442,27,1
block,7,100.0,808.6700083340475,100.0,100.0,100.0,657.5362500007031,985.7347200006188,830.1490000012564,27,1
block,8,91.66666666666666,752.5514833329605,100.0,66.66666666666666,100.0,737.3284374998548,832.0447999988876,635.8559000000241,27,1
total,all,98.95833333333334,812.1526229165663,100.0,97.82608695652173,100.0,763.3176911762455,844.867365217357,821.8719687499743,27,1
