level,block,正确率,平均反应时,一致条件正确率,不一致条件正确率,中性词正确率,一致条件反应时,不一致条件反应时,中性词反应时,participant_id,session
block,1,100.0,960.6483999999966,100.0,100.0,100.0,1859.4743999999537,850.8645250000058,953.7967333333199,24,1
block,2,100.0,696.5904000000194,100.0,100.0,100.0,600.3759500000001,798.4855666667272,712.4248600000101,24,1
block,3,100.0,860.2182500000122,100.0,100.0,100.0,963.2414499999982,827.1142000000152,679.8538000000462,24,1
block,4,100.0,722.9590333333249,100.0,100.0,100.0,733.0620199999885,704.6888599999875,743.3770000000095,24,1
block,5,91.66666666666666,886.4442583333318,75.0,100.0,100.0,794.6734749999962,1018.5659600000236,788.6024666666269,24,1
block,6,100.0,778.3824916666806,100.0,100.0,100.0,698.3991250000372,814.5767714285869,844.955999999911,24,1
block,7,100.0,854.1360583333148,100.0,100.0,100.0,739.9395999999568,895.8870249999933,862.717699999962,24,1
block,8,100.0,829.1117999999926,100.0,100.0,100.0,717.9451499999914,907.0336428571377,721.405266666655,24,1
total,all,98.95833333333334,823.5613364583342,96.29629629629629,100.0,100.0,792.8612444444398,856.5363100000081,780.4115368420944,24,1
