level,block,正确率,平均反应时,一致条件正确率,不一致条件正确率,中性词正确率,一致条件反应时,不一致条件反应时,中性词反应时,participant_id,session
block,1,100.0,690.5755249999098,100.0,100.0,100.0,647.6314000001366,564.2395399996531,834.0891600000759,11,1
block,2,100.0,730.7987250000375,100.0,100.0,100.0,764.2068000001018,711.8484000000535,694.654349999837,11,1
block,3,100.0,699.3254916666652,100.0,100.0,100.0,656.3291666667889,722.7222500000607,695.5282999997507,11,1
block,4,100.0,766.5485083333199,,100.0,100.0,,835.7922499999404,731.9266375000097,11,1
block,5,100.0,905.0157000000734,,100.0,100.0,,710.0378124999907,1294.9714750002386,11,1
block,6,100.0,721.3475500001701,100.0,100.0,100.0,680.1697750001949,679.7898600003464,845.5140666665102,11,1
block,7,100.0,705.9187749999485,100.0,100.0,100.0,767.4162666665627,721.026666666603,614.2055000000255,11,1
block,8,100.0,991.5827166666229,100.0,100.0,100.0,943.2863499998803,1048.0324166666528,918.8263500000176,11,1
total,all,100.0,776.3891239583434,100.0,100.0,100.0,756.255123809578,750.0788555555523,829.9483266666659,11,1
