level,block,正确率,平均反应时,一致条件正确率,不一致条件正确率,中性词正确率,一致条件反应时,不一致条件反应时,中性词反应时,participant_id,session
block,1,100.0,318.8547916652169,100.0,100.0,100.0,383.84640000003856,319.04787499843223,253.09084999753395,23,2
block,2,91.66666666666666,290.4256999997112,100.0,75.0,100.0,339.8309750009503,269.9566750015947,261.48944999658846,23,2
block,3,100.0,206.6376166670428,100.0,100.0,100.0,115.41080000461069,237.6958624990948,154.22456666904813,23,2
block,4,100.0,318.05985833489103,100.0,100.0,100.0,443.4540333362141,252.10190000022214,324.58160000290565,23,2
block,5,100.0,189.22019999930242,100.0,100.0,100.0,347.4099999875761,186.56961000087898,57.5362999952631,23,2
block,6,100.0,135.30166666654011,100.0,100.0,100.0,85.0427333352854,291.99113333500765,79.13006666058206,23,2
block,7,100.0,289.39415000058943,100.0,100.0,100.0,229.75908000080375,290.7779166659262,579.2669000074966,23,2
block,8,100.0,240.91594999723986,100.0,100.0,100.0,287.33214999738266,241.73013332862558,145.6410000027972,23,2
total,all,98.95833333333334,248.60124166631672,100.0,98.0392156862745,100.0,258.79153846192196,254.5707019601775,218.63333684144126,23,2
