level,block,正确率,平均反应时,一致条件正确率,不一致条件正确率,中性词正确率,一致条件反应时,不一致条件反应时,中性词反应时,participant_id,session
block,1,100.0,765.5754333335001,100.0,100.0,100.0,838.8472333335812,809.5411000000847,604.37230000025,26,1
block,2,91.66666666666666,788.3400499998363,100.0,87.5,100.0,639.8668333325379,849.8803375000534,741.4373999999953,26,1
block,3,100.0,701.919016666731,100.0,100.0,100.0,769.4601666668555,658.9658624998265,842.9208000015933,26,1
block,4,100.0,770.9405166663903,100.0,100.0,100.0,713.5873333330286,816.3718750001863,769.0073399993707,26,1
block,5,100.0,743.1197083333245,100.0,100.0,100.0,603.7285000002157,820.9453249999115,538.6883999999554,26,1
block,6,100.0,790.3029749997283,100.0,100.0,100.0,682.7893500003483,807.3774285707518,822.138333333593,26,1
block,7,100.0,691.9389166666102,100.0,100.0,100.0,755.6899000001067,728.9453666668729,604.553749999468,26,1
block,8,100.0,713.4481166670714,100.0,100.0,100.0,672.0607800001744,747.6175666673347,715.3680999999779,26,1
total,all,98.95833333333334,745.698091666649,100.0,98.11320754716981,100.0,705.572191666685,778.7186018867942,704.273594736725,26,1
